{"armature":[{"skin":[{"name":"","slot":[{"display":[{"path":"oberbein_l","type":"image","name":"oberbein_l","transform":{}}],"name":"oberbein_l"},{"display":[{"path":"bein_l","type":"image","name":"bein_l","transform":{}}],"name":"bein_l"},{"display":[{"path":"bohrarm","type":"image","name":"bohrarm","transform":{}}],"name":"bohrarm"},{"display":[{"path":"fuss_l","type":"image","name":"fuss_l","transform":{}}],"name":"fuss_l"},{"display":[{"path":"handarm","type":"image","name":"handarm","transform":{}}],"name":"handarm"},{"display":[{"path":"korper","type":"image","name":"korper","transform":{}}],"name":"korper"},{"display":[{"path":"oberbein_r","type":"image","name":"oberbein_r","transform":{}}],"name":"oberbein_r"},{"display":[{"path":"kopf","type":"image","name":"kopf","transform":{}}],"name":"kopf"},{"display":[{"path":"bein_r","type":"image","name":"bein_r","transform":{}}],"name":"bein_r"},{"display":[{"path":"fuss_r","type":"image","name":"fuss_r","transform":{}}],"name":"fuss_r"}]}],"type":"Armature","name":"Armature","defaultActions":[{"gotoAndPlay":"walking"}],"ik":[],"animation":[{"frame":[],"playTimes":0,"ffd":[],"duration":24,"zOrder":{"frame":[{"zOrder":[],"tweenEasing":null,"duration":9},{"zOrder":[],"tweenEasing":null,"duration":15}]},"slot":[{"colorFrame":[],"displayFrame":[],"name":"oberbein_r"},{"colorFrame":[],"displayFrame":[],"name":"oberbein_l"},{"colorFrame":[],"displayFrame":[],"name":"bein_r"},{"colorFrame":[],"displayFrame":[],"name":"fuss_r"},{"colorFrame":[],"displayFrame":[],"name":"bein_l"},{"colorFrame":[],"displayFrame":[],"name":"fuss_l"},{"colorFrame":[],"displayFrame":[],"name":"handarm"},{"colorFrame":[],"displayFrame":[],"name":"korper"},{"colorFrame":[],"displayFrame":[],"name":"kopf"},{"colorFrame":[],"displayFrame":[],"name":"bohrarm"}],"bone":[{"translateFrame":[{"tweenEasing":0,"duration":24},{"duration":0}],"scaleFrame":[{"tweenEasing":0,"duration":24},{"duration":0}],"name":"root","rotateFrame":[{"tweenEasing":0,"duration":24},{"duration":0}]},{"translateFrame":[{"y":3.3186,"tweenEasing":0,"duration":3},{"y":14.4697,"tweenEasing":0,"duration":3},{"y":-0.9591,"tweenEasing":0,"duration":3},{"y":-12.8337,"tweenEasing":0,"duration":3},{"y":0.6548,"tweenEasing":0,"duration":3},{"y":14.7932,"tweenEasing":0,"duration":3},{"y":-2.8843,"tweenEasing":0,"duration":3},{"y":-11.5419,"tweenEasing":0,"duration":3},{"y":3.3186,"duration":0}],"scaleFrame":[{"tweenEasing":0,"duration":24},{"duration":0}],"name":"body","rotateFrame":[{"rotate":-11.7385,"tweenEasing":0,"duration":24},{"rotate":-11.7385,"duration":0}]},{"translateFrame":[{"x":-25.9111,"y":-6.9819,"tweenEasing":0,"duration":3},{"x":-27.2446,"y":-13.3112,"tweenEasing":0,"duration":3},{"x":-12.8049,"y":-1.1484,"tweenEasing":0,"duration":3},{"x":16.0298,"y":-3.0795,"tweenEasing":0,"duration":3},{"x":17.1669,"y":-8.5516,"tweenEasing":0,"duration":3},{"x":20.2913,"y":-6.1703,"tweenEasing":0,"duration":3},{"x":-12.862,"y":-2.3901,"tweenEasing":0,"duration":3},{"x":-28.8656,"y":-11.6649,"tweenEasing":0,"duration":3},{"x":-25.9111,"y":-6.9819,"duration":0}],"scaleFrame":[],"name":"bein_ul","rotateFrame":[{"rotate":35.0863,"tweenEasing":0,"duration":3},{"rotate":64.1365,"tweenEasing":0,"duration":3},{"rotate":11.5275,"tweenEasing":0,"duration":3},{"rotate":-17.3707,"tweenEasing":0,"duration":3},{"rotate":-40.3531,"tweenEasing":0,"duration":3},{"rotate":-38.1391,"tweenEasing":0,"duration":3},{"rotate":23.1382,"tweenEasing":0,"duration":3},{"rotate":38.3006,"tweenEasing":0,"duration":3},{"rotate":35.0863,"duration":0}]},{"translateFrame":[{"x":10.6451,"y":-6.9399,"tweenEasing":0,"duration":3},{"x":11.6824,"y":-6.5392,"tweenEasing":0,"duration":3},{"x":-19.1045,"y":-3.6847,"tweenEasing":0,"duration":3},{"x":-24.779,"y":-7.389,"tweenEasing":0,"duration":3},{"x":-24.8493,"y":-7.0508,"tweenEasing":0,"duration":3},{"x":-25.1848,"y":-9.9084,"tweenEasing":0,"duration":3},{"x":-14.44,"y":-1.8729,"tweenEasing":0,"duration":3},{"x":6.5791,"y":-0.1927,"tweenEasing":0,"duration":3},{"x":10.6451,"y":-6.9399,"duration":0}],"scaleFrame":[],"name":"bein_ur","rotateFrame":[{"rotate":-24.051,"tweenEasing":0,"duration":3},{"rotate":-33.5712,"tweenEasing":0,"duration":3},{"rotate":16.1025,"tweenEasing":0,"duration":3},{"rotate":42.4663,"tweenEasing":0,"duration":6},{"rotate":58.6953,"tweenEasing":0,"duration":3},{"rotate":9.991,"tweenEasing":0,"duration":3},{"rotate":-12.0373,"tweenEasing":0,"duration":3},{"rotate":-24.051,"duration":0}]},{"translateFrame":[{"x":3.3961,"y":0.2084,"tweenEasing":0,"duration":24},{"x":3.3961,"y":0.2084,"duration":0}],"scaleFrame":[],"name":"kopf","rotateFrame":[{"rotate":4.8943,"tweenEasing":0,"duration":24},{"rotate":4.8943,"duration":0}]},{"translateFrame":[{"x":21.4428,"y":-6.7721,"tweenEasing":0,"duration":2},{"x":11.7908,"y":-0.1089,"tweenEasing":0,"duration":5},{"x":-8.3452,"y":-2.6715,"tweenEasing":0,"duration":5},{"x":-27.8669,"y":-8.1911,"tweenEasing":0,"duration":2},{"x":-20.0582,"y":-5.9833,"tweenEasing":0,"duration":7},{"x":7.866,"y":-1.1143,"tweenEasing":0,"duration":3},{"x":21.4428,"y":-6.7721,"duration":0}],"scaleFrame":[],"name":"handarm","rotateFrame":[{"rotate":-28.0773,"tweenEasing":0,"duration":12},{"rotate":47.1318,"tweenEasing":0,"duration":12},{"rotate":-28.0773,"duration":0}]},{"translateFrame":[{"x":-29.1506,"y":-12.1647,"tweenEasing":0,"duration":2},{"x":-22.4945,"y":-5.4041,"tweenEasing":0,"duration":5},{"x":-3.1231,"y":-1.6457,"tweenEasing":0,"duration":5},{"x":18.1433,"y":-7.0072,"tweenEasing":0,"duration":2},{"x":9.2076,"y":-2.7972,"tweenEasing":0,"duration":7},{"x":-18.8694,"y":-3.4534,"tweenEasing":0,"duration":3},{"x":-29.1506,"y":-12.1647,"duration":0}],"scaleFrame":[],"name":"bohrarm","rotateFrame":[{"rotate":47.7221,"tweenEasing":0,"duration":12},{"rotate":-27.8276,"tweenEasing":0,"duration":12},{"rotate":47.7221,"duration":0}]},{"translateFrame":[{"tweenEasing":0,"duration":3},{"x":5.976,"y":-3.306,"tweenEasing":0,"duration":3},{"x":7.5538,"y":-9.4853,"tweenEasing":0,"duration":3},{"x":6.9797,"y":-4.8629,"tweenEasing":0,"duration":3},{"x":0.1875,"y":0.1518,"tweenEasing":0,"duration":3},{"x":5.8499,"y":-3.6895,"tweenEasing":0,"duration":3},{"x":0.543,"y":-1.4157,"tweenEasing":0,"duration":6},{"duration":0}],"scaleFrame":[],"name":"bein_r","rotateFrame":[{"tweenEasing":0,"duration":3},{"rotate":-46.5758,"tweenEasing":0,"duration":3},{"rotate":-103.969,"tweenEasing":0,"duration":3},{"rotate":-44.9014,"tweenEasing":0,"duration":3},{"rotate":-0.8334,"tweenEasing":0,"duration":3},{"rotate":-52.5582,"tweenEasing":0,"duration":3},{"rotate":-0.2706,"tweenEasing":0,"duration":6},{"duration":0}]},{"translateFrame":[{"tweenEasing":0,"duration":3},{"x":8.0178,"y":-2.3354,"tweenEasing":0,"duration":3},{"x":0.7374,"y":0.13,"tweenEasing":0,"duration":9},{"x":6.1776,"y":-1.9317,"tweenEasing":0,"duration":3},{"x":9.146,"y":-11.365,"tweenEasing":0,"duration":3},{"x":8.094,"y":-3.4173,"tweenEasing":0,"duration":3},{"duration":0}],"scaleFrame":[],"name":"bein_l","rotateFrame":[{"tweenEasing":0,"duration":3},{"rotate":-49.4595,"tweenEasing":0,"duration":3},{"rotate":-2.7334,"tweenEasing":0,"duration":9},{"rotate":-46.4737,"tweenEasing":0,"duration":3},{"rotate":-113.8713,"tweenEasing":0,"duration":3},{"rotate":-56.4745,"tweenEasing":0,"duration":3},{"duration":0}]},{"translateFrame":[{"x":-0.4411,"y":-3.1979,"tweenEasing":0,"duration":3},{"x":2.7954,"y":3.1124,"tweenEasing":0,"duration":6},{"x":-1.5993,"y":2.0025,"tweenEasing":0,"duration":3},{"x":-0.679,"y":-2.6067,"tweenEasing":0,"duration":3},{"x":-0.6346,"y":-3.0595,"tweenEasing":0,"duration":3},{"x":-0.3618,"y":2.95,"tweenEasing":0,"duration":6},{"x":-0.4411,"y":-3.1979,"duration":0}],"scaleFrame":[],"name":"fuss_r","rotateFrame":[{"rotate":4.5117,"tweenEasing":0,"duration":3},{"rotate":-7.7026,"tweenEasing":0,"duration":6},{"rotate":-16.7836,"tweenEasing":0,"duration":3},{"rotate":3.5878,"tweenEasing":0,"duration":3},{"rotate":4.0392,"tweenEasing":0,"duration":3},{"rotate":0.5947,"tweenEasing":0,"duration":3},{"rotate":-9.7802,"tweenEasing":0,"duration":3},{"rotate":4.5117,"duration":0}]},{"translateFrame":[{"tweenEasing":0,"duration":9},{"x":-2.6795,"y":3.3431,"tweenEasing":0,"duration":6},{"x":0.1748,"y":1.7159,"tweenEasing":0,"duration":3},{"x":-0.8194,"y":4.646,"tweenEasing":0,"duration":3},{"x":-0.7153,"y":0.8583,"tweenEasing":0,"duration":3},{"duration":0}],"scaleFrame":[],"name":"fuss_l","rotateFrame":[{"tweenEasing":0,"duration":3},{"rotate":-4.6543,"tweenEasing":0,"duration":3},{"rotate":3.2331,"tweenEasing":0,"duration":3},{"rotate":-15.2953,"tweenEasing":0,"duration":6},{"rotate":2.0432,"tweenEasing":0,"duration":3},{"rotate":-12.9144,"tweenEasing":0,"duration":3},{"rotate":-7.573,"tweenEasing":0,"duration":3},{"duration":0}]}],"name":"walking","ik":[]},{"frame":[],"playTimes":0,"ffd":[],"duration":20,"slot":[{"colorFrame":[],"displayFrame":[],"name":"oberbein_r"},{"colorFrame":[],"displayFrame":[],"name":"bein_r"},{"colorFrame":[],"displayFrame":[],"name":"fuss_r"},{"colorFrame":[],"displayFrame":[],"name":"oberbein_l"},{"colorFrame":[],"displayFrame":[],"name":"bein_l"},{"colorFrame":[],"displayFrame":[],"name":"fuss_l"},{"colorFrame":[],"displayFrame":[],"name":"handarm"},{"colorFrame":[],"displayFrame":[],"name":"korper"},{"colorFrame":[],"displayFrame":[],"name":"kopf"},{"colorFrame":[],"displayFrame":[],"name":"bohrarm"}],"bone":[{"translateFrame":[],"scaleFrame":[],"name":"root","rotateFrame":[]},{"translateFrame":[{"tweenEasing":0,"duration":10},{"y":7.0835,"tweenEasing":0,"duration":10},{"duration":0}],"scaleFrame":[{"tweenEasing":0,"duration":20},{"duration":0}],"name":"body","rotateFrame":[{"tweenEasing":0,"duration":20},{"duration":0}]},{"translateFrame":[{"tweenEasing":0,"duration":10},{"x":-2.7078,"y":-3.6585,"tweenEasing":0,"duration":10},{"duration":0}],"scaleFrame":[{"tweenEasing":0,"duration":20},{"duration":0}],"name":"bein_ul","rotateFrame":[{"tweenEasing":0,"duration":10},{"rotate":11.1778,"tweenEasing":0,"duration":10},{"duration":0}]},{"translateFrame":[{"tweenEasing":0,"duration":10},{"y":-2.439,"tweenEasing":0,"duration":10},{"duration":0}],"scaleFrame":[{"tweenEasing":0,"duration":20},{"duration":0}],"name":"bein_ur","rotateFrame":[{"tweenEasing":0,"duration":10},{"rotate":9.578,"tweenEasing":0,"duration":10},{"duration":0}]},{"translateFrame":[{"tweenEasing":0,"duration":20},{"duration":0}],"scaleFrame":[{"tweenEasing":0,"duration":20},{"duration":0}],"name":"kopf","rotateFrame":[{"tweenEasing":0,"duration":20},{"duration":0}]},{"translateFrame":[{"tweenEasing":0,"duration":20},{"duration":0}],"scaleFrame":[{"tweenEasing":0,"duration":20},{"duration":0}],"name":"handarm","rotateFrame":[{"tweenEasing":0,"duration":20},{"duration":0}]},{"translateFrame":[{"tweenEasing":0,"duration":20},{"duration":0}],"scaleFrame":[{"tweenEasing":0,"duration":20},{"duration":0}],"name":"bohrarm","rotateFrame":[{"tweenEasing":0,"duration":20},{"duration":0}]},{"translateFrame":[{"tweenEasing":0,"duration":10},{"x":3.414,"y":-4.5955,"tweenEasing":0,"duration":10},{"duration":0}],"scaleFrame":[{"tweenEasing":0,"duration":20},{"duration":0}],"name":"bein_r","rotateFrame":[{"tweenEasing":0,"duration":10},{"rotate":-11.2948,"tweenEasing":0,"duration":10},{"duration":0}]},{"translateFrame":[{"tweenEasing":0,"duration":10},{"x":2.0937,"y":-0.4137,"tweenEasing":0,"duration":10},{"duration":0}],"scaleFrame":[{"tweenEasing":0,"duration":20},{"duration":0}],"name":"bein_l","rotateFrame":[{"tweenEasing":0,"duration":10},{"rotate":-11.7789,"tweenEasing":0,"duration":10},{"duration":0}]},{"translateFrame":[{"tweenEasing":0,"duration":20},{"duration":0}],"scaleFrame":[{"tweenEasing":0,"duration":20},{"duration":0}],"name":"fuss_r","rotateFrame":[{"tweenEasing":0,"duration":20},{"duration":0}]},{"translateFrame":[{"tweenEasing":0,"duration":10},{"x":0.0299,"y":-2.0851,"tweenEasing":0,"duration":10},{"duration":0}],"scaleFrame":[{"tweenEasing":0,"duration":20},{"duration":0}],"name":"fuss_l","rotateFrame":[{"rotate":-2.7177,"tweenEasing":0,"duration":10},{"rotate":-2.7177,"tweenEasing":0,"duration":10},{"rotate":-2.7177,"duration":0}]}],"name":"idle","ik":[]},{"frame":[],"playTimes":0,"ffd":[],"duration":8,"slot":[{"colorFrame":[],"displayFrame":[],"name":"oberbein_r"},{"colorFrame":[],"displayFrame":[],"name":"bein_r"},{"colorFrame":[],"displayFrame":[],"name":"fuss_r"},{"colorFrame":[],"displayFrame":[],"name":"oberbein_l"},{"colorFrame":[],"displayFrame":[],"name":"bein_l"},{"colorFrame":[],"displayFrame":[],"name":"fuss_l"},{"colorFrame":[],"displayFrame":[],"name":"handarm"},{"colorFrame":[],"displayFrame":[],"name":"korper"},{"colorFrame":[],"displayFrame":[],"name":"kopf"},{"colorFrame":[],"displayFrame":[],"name":"bohrarm"}],"bone":[{"translateFrame":[],"scaleFrame":[],"name":"root","rotateFrame":[]},{"translateFrame":[{"duration":8}],"scaleFrame":[{"duration":8}],"name":"body","rotateFrame":[{"duration":8}]},{"translateFrame":[{"duration":8}],"scaleFrame":[{"duration":8}],"name":"bein_ul","rotateFrame":[{"duration":8}]},{"translateFrame":[{"duration":8}],"scaleFrame":[{"duration":8}],"name":"bein_ur","rotateFrame":[{"duration":8}]},{"translateFrame":[{"duration":8}],"scaleFrame":[{"duration":8}],"name":"kopf","rotateFrame":[{"duration":8}]},{"translateFrame":[{"duration":8}],"scaleFrame":[{"duration":8}],"name":"handarm","rotateFrame":[{"duration":8}]},{"translateFrame":[{"tweenEasing":0,"duration":2},{"x":-13.3137,"y":-1.6444,"tweenEasing":0,"duration":2},{"x":-26.6274,"y":-8.4493,"tweenEasing":0,"duration":2},{"x":-33.6077,"y":-18.9879,"tweenEasing":0,"duration":2},{"x":-40.588,"y":-32.7322,"duration":0}],"scaleFrame":[{"duration":8}],"name":"bohrarm","rotateFrame":[{"tweenEasing":0,"duration":8},{"rotate":83.549,"duration":0}]},{"translateFrame":[{"duration":8}],"scaleFrame":[{"duration":8}],"name":"bein_r","rotateFrame":[{"duration":8}]},{"translateFrame":[{"duration":8}],"scaleFrame":[{"duration":8}],"name":"bein_l","rotateFrame":[{"duration":8}]},{"translateFrame":[{"duration":8}],"scaleFrame":[{"duration":8}],"name":"fuss_r","rotateFrame":[{"duration":8}]},{"translateFrame":[{"duration":8}],"scaleFrame":[{"duration":8}],"name":"fuss_l","rotateFrame":[{"duration":8}]}],"name":"raising_arm","ik":[]},{"frame":[],"playTimes":0,"ffd":[],"duration":2,"slot":[{"colorFrame":[],"displayFrame":[],"name":"oberbein_r"},{"colorFrame":[],"displayFrame":[],"name":"bein_r"},{"colorFrame":[],"displayFrame":[],"name":"fuss_r"},{"colorFrame":[],"displayFrame":[],"name":"oberbein_l"},{"colorFrame":[],"displayFrame":[],"name":"bein_l"},{"colorFrame":[],"displayFrame":[],"name":"fuss_l"},{"colorFrame":[],"displayFrame":[],"name":"handarm"},{"colorFrame":[],"displayFrame":[],"name":"korper"},{"colorFrame":[],"displayFrame":[],"name":"kopf"},{"colorFrame":[],"displayFrame":[],"name":"bohrarm"}],"bone":[{"translateFrame":[],"scaleFrame":[],"name":"root","rotateFrame":[]},{"translateFrame":[{"tweenEasing":0,"duration":2},{"y":0.7736,"duration":0}],"scaleFrame":[{"duration":2}],"name":"body","rotateFrame":[{"duration":2}]},{"translateFrame":[{"tweenEasing":0,"duration":2},{"y":-0.8665,"duration":0}],"scaleFrame":[{"duration":2}],"name":"bein_ul","rotateFrame":[{"duration":2}]},{"translateFrame":[{"tweenEasing":0,"duration":2},{"y":-0.2888,"duration":0}],"scaleFrame":[{"duration":2}],"name":"bein_ur","rotateFrame":[{"duration":2}]},{"translateFrame":[{"duration":2}],"scaleFrame":[{"duration":2}],"name":"kopf","rotateFrame":[{"tweenEasing":0,"duration":2},{"rotate":-2.0174,"duration":0}]},{"translateFrame":[{"duration":2}],"scaleFrame":[{"duration":2}],"name":"handarm","rotateFrame":[{"duration":2}]},{"translateFrame":[{"x":-41.2219,"y":-34.8567,"tweenEasing":0,"duration":2},{"x":-37.7046,"y":-32.9383,"duration":0}],"scaleFrame":[{"duration":2}],"name":"bohrarm","rotateFrame":[{"rotate":86.8194,"duration":2}]},{"translateFrame":[{"duration":2}],"scaleFrame":[{"duration":2}],"name":"bein_r","rotateFrame":[{"duration":2}]},{"translateFrame":[],"scaleFrame":[],"name":"bein_l","rotateFrame":[]},{"translateFrame":[{"duration":2}],"scaleFrame":[{"duration":2}],"name":"fuss_r","rotateFrame":[{"duration":2}]},{"translateFrame":[{"duration":2}],"scaleFrame":[{"duration":2}],"name":"fuss_l","rotateFrame":[{"duration":2}]}],"name":"drilling","ik":[]}],"slot":[{"name":"oberbein_r","parent":"bein_ur","color":{}},{"z":1,"name":"bein_r","parent":"bein_r","color":{}},{"z":2,"name":"fuss_r","parent":"fuss_r","color":{}},{"z":3,"name":"oberbein_l","parent":"bein_ul","color":{}},{"z":4,"name":"bein_l","parent":"bein_l","color":{}},{"z":5,"name":"fuss_l","parent":"fuss_l","color":{}},{"z":6,"name":"handarm","parent":"handarm","color":{}},{"z":7,"name":"korper","parent":"body","color":{}},{"z":8,"name":"kopf","parent":"kopf","color":{}},{"z":9,"name":"bohrarm","parent":"bohrarm","color":{}}],"bone":[{"name":"root","transform":{}},{"transform":{"y":-89.8109},"name":"body","parent":"root"},{"transform":{"y":49.1765,"x":-0.9615},"name":"bein_ul","parent":"body"},{"transform":{"y":49.1929,"x":1.999},"name":"bein_ur","parent":"body"},{"transform":{"y":-92.3602,"x":-2.8084},"name":"kopf","parent":"body"},{"transform":{"y":3.2811,"x":1.3691},"name":"handarm","parent":"body"},{"transform":{"y":8.1919,"x":1.7932},"name":"bohrarm","parent":"body"},{"transform":{"y":19.0369,"x":-1.6699},"name":"bein_r","parent":"bein_ur"},{"transform":{"y":18.7496,"x":-2.162},"name":"bein_l","parent":"bein_ul"},{"transform":{"y":11.1883,"x":-13.3592},"name":"fuss_r","parent":"bein_r"},{"transform":{"y":10.9652,"x":-13.6584},"name":"fuss_l","parent":"bein_l"}],"aabb":{"width":91,"y":-234.17111586588447,"height":235.27836213108867,"x":-48.308429706664214},"frameRate":24}],"frameRate":24,"name":"Robtron_seite","version":"5.5","isGlobal":0}