{"width":256,"imagePath":"Robtron_seite_tex.png","height":128,"name":"Robtron_seite","SubTexture":[{"width":16,"y":1,"height":21,"name":"oberbein_r","x":230},{"width":17,"y":1,"height":33,"name":"bein_r","x":211},{"width":47,"y":91,"height":23,"name":"fuss_r","x":143},{"width":16,"y":24,"height":21,"name":"oberbein_l","x":230},{"width":17,"y":91,"height":33,"name":"bein_l","x":192},{"width":47,"y":88,"height":23,"name":"fuss_l","x":94},{"width":23,"y":1,"height":79,"name":"handarm","x":165},{"width":69,"y":1,"height":85,"name":"korper","x":94},{"width":91,"y":1,"height":104,"name":"kopf","x":1},{"width":19,"y":1,"height":88,"name":"bohrarm","x":190}]}